<?xml version="1.0"?>
<root revision="24" version="v1.0a" qualifier="andromeda">
<POLICY_LIST VAL="LIGHT_LOAD_EFFICIENCY_MODE"><POLICY_ID>10</POLICY_ID><POLICY_STATUS>0</POLICY_STATUS><POLICY>LIGHT_LOAD_EFFICIENCY_MODE</POLICY></POLICY_LIST><POLICY_LIST VAL="MONITOR_PS0_SIDE0"><POLICY_ID>1</POLICY_ID><POLICY_STATUS>1</POLICY_STATUS><POLICY>MONITOR_PS0_SIDE0</POLICY></POLICY_LIST><POLICY_LIST VAL="MONITOR_PS0_SIDE1"><POLICY_ID>2</POLICY_ID><POLICY_STATUS>1</POLICY_STATUS><POLICY>MONITOR_PS0_SIDE1</POLICY></POLICY_LIST><POLICY_LIST VAL="MONITOR_PS1_SIDE0"><POLICY_ID>4</POLICY_ID><POLICY_STATUS>1</POLICY_STATUS><POLICY>MONITOR_PS1_SIDE0</POLICY></POLICY_LIST><POLICY_LIST VAL="MONITOR_PS1_SIDE1"><POLICY_ID>5</POLICY_ID><POLICY_STATUS>1</POLICY_STATUS><POLICY>MONITOR_PS1_SIDE1</POLICY></POLICY_LIST><POLICY_LIST VAL="COOLING_DOOR_INSTALLED"><POLICY_ID>7</POLICY_ID><POLICY_STATUS>0</POLICY_STATUS><POLICY>COOLING_DOOR_INSTALLED</POLICY></POLICY_LIST><POLICY_LIST VAL="PS_FANS_HIGH"><POLICY_ID>8</POLICY_ID><POLICY_STATUS>0</POLICY_STATUS><POLICY>PS_FANS_HIGH</POLICY></POLICY_LIST><POLICY_LIST VAL="PS_FANS_LOW"><POLICY_ID>9</POLICY_ID><POLICY_STATUS>0</POLICY_STATUS><POLICY>PS_FANS_LOW</POLICY></POLICY_LIST><POLICY_LIST VAL="BL0_FORCE_SAS2_3GBPS"><POLICY_ID>176</POLICY_ID><POLICY_STATUS>0</POLICY_STATUS><POLICY>BL0_FORCE_SAS2_3GBPS</POLICY></POLICY_LIST><POLICY_LIST VAL="BL1_FORCE_SAS2_3GBPS"><POLICY_ID>177</POLICY_ID><POLICY_STATUS>0</POLICY_STATUS><POLICY>BL1_FORCE_SAS2_3GBPS</POLICY></POLICY_LIST><POLICY_LIST VAL="BL2_FORCE_SAS2_3GBPS"><POLICY_ID>178</POLICY_ID><POLICY_STATUS>0</POLICY_STATUS><POLICY>BL2_FORCE_SAS2_3GBPS</POLICY></POLICY_LIST><POLICY_LIST VAL="BL3_FORCE_SAS2_3GBPS"><POLICY_ID>179</POLICY_ID><POLICY_STATUS>0</POLICY_STATUS><POLICY>BL3_FORCE_SAS2_3GBPS</POLICY></POLICY_LIST><POLICY_LIST VAL="BL4_FORCE_SAS2_3GBPS"><POLICY_ID>180</POLICY_ID><POLICY_STATUS>0</POLICY_STATUS><POLICY>BL4_FORCE_SAS2_3GBPS</POLICY></POLICY_LIST><POLICY_LIST VAL="BL5_FORCE_SAS2_3GBPS"><POLICY_ID>181</POLICY_ID><POLICY_STATUS>0</POLICY_STATUS><POLICY>BL5_FORCE_SAS2_3GBPS</POLICY></POLICY_LIST><POLICY_LIST VAL="BL6_FORCE_SAS2_3GBPS"><POLICY_ID>182</POLICY_ID><POLICY_STATUS>0</POLICY_STATUS><POLICY>BL6_FORCE_SAS2_3GBPS</POLICY></POLICY_LIST><POLICY_LIST VAL="BL7_FORCE_SAS2_3GBPS"><POLICY_ID>183</POLICY_ID><POLICY_STATUS>0</POLICY_STATUS><POLICY>BL7_FORCE_SAS2_3GBPS</POLICY></POLICY_LIST><POLICY_LIST VAL="BL8_FORCE_SAS2_3GBPS"><POLICY_ID>184</POLICY_ID><POLICY_STATUS>0</POLICY_STATUS><POLICY>BL8_FORCE_SAS2_3GBPS</POLICY></POLICY_LIST><POLICY_LIST VAL="BL9_FORCE_SAS2_3GBPS"><POLICY_ID>185</POLICY_ID><POLICY_STATUS>0</POLICY_STATUS><POLICY>BL9_FORCE_SAS2_3GBPS</POLICY></POLICY_LIST><POLICY_LIST VAL="POWER_MANAGEMENT"><POLICY_ID>11</POLICY_ID><POLICY_STATUS>1</POLICY_STATUS><POLICY>POWER_MANAGEMENT</POLICY></POLICY_LIST><POLICY_LIST VAL="OEM_INSTALL_1"><POLICY_ID>17</POLICY_ID><POLICY_STATUS>0</POLICY_STATUS><POLICY>OEM_INSTALL_1</POLICY></POLICY_LIST><POLICY_LIST VAL="OEM_INSTALL_2"><POLICY_ID>18</POLICY_ID><POLICY_STATUS>0</POLICY_STATUS><POLICY>OEM_INSTALL_2</POLICY></POLICY_LIST><POLICY_LIST VAL="OEM_INSTALL_3"><POLICY_ID>19</POLICY_ID><POLICY_STATUS>0</POLICY_STATUS><POLICY>OEM_INSTALL_3</POLICY></POLICY_LIST><POLICY_LIST VAL="OEM_INSTALL_4"><POLICY_ID>20</POLICY_ID><POLICY_STATUS>0</POLICY_STATUS><POLICY>OEM_INSTALL_4</POLICY></POLICY_LIST><POLICY_LIST VAL="OEM_INSTALL_5"><POLICY_ID>21</POLICY_ID><POLICY_STATUS>0</POLICY_STATUS><POLICY>OEM_INSTALL_5</POLICY></POLICY_LIST></root>
