<?xml version="1.0"?>
<registry><category key="SunMC">
<product key="PRODUCT.PE" name="Production Environment" version="3.6.1" target_subdir="/opt" install-status="1" setup-status="0">
<component key="COMPONENT.AGENT">
<package key="sun-symon-escom" status="1"/>
<package key="sun-symon-esagt" status="1"/>
<package key="sun-symon-esken" status="1"/>
<package key="sun-symon-eslac" status="1"/>
<package key="sun-symon-esmcp" status="1"/>
<package key="sun-symon-esmib" status="1"/>
<package key="sun-symon-esval" status="1"/>
<package key="sun-symon-esmod" status="1"/>
<package key="sun-symon-suagt" status="1"/>
</component>
</product>
<product key="PRODUCT.OPLPLTADMIN" name="OPL Platform Administration" version="3.6.1_Build01" target_subdir="OplPltAdmin" install-status="1" setup-status="0">
<component key="COMPONENT.AGENT">
<package key="SUNWesopla" status="1"/>
<package key="SUNWesopli" status="1"/>
</component>
</product>
</category>
<category key="Installation" osvers="2.6" config_dir="/var/opt/SUNWsymon">
<layer key="LAYER.AGENT" setup-status="0"/>
</category>
</registry>
