<?xml version="1.0" encoding="UTF-8"?>
<!DOCTYPE registry SYSTEM "/usr/local/lib/servicetags/servicetag.dtd">
<registry urn="urn:st:bd3cc0a6-1dd1-11b2-9da5-0000207f0100" version="1.0"><service_tag><instance_urn>urn:st:e1d72848-1dd1-11b2-be81-0000207f0100</instance_urn><product_name>SUN BLADE 6000 MODULAR SYSTEM</product_name><product_version></product_version><product_urn>urn:uuid:f2ef019c-d283-11db-9135-080020a9ed93</product_urn><product_parent_urn>541-4239-01</product_parent_urn><product_parent>SUN BLADE 6000 MODULAR SYSTEM</product_parent><product_defined_inst_id>AK00139916</product_defined_inst_id><product_vendor>Oracle</product_vendor><platform_arch>NONE</platform_arch><timestamp>2017-10-26 03:14:04 GMT</timestamp><container>AK00139916</container><source>ILOM 3.1.1.10.e</source><installer_uid>0</installer_uid></service_tag></registry>
